lambda,mse_train,mse_test
0.001,4.746687605581965e-08,316.3354246719238
2.0,0.09898624555883197,263.1043328055832
5.0,0.3729309734095637,233.92084173809536
8.0,0.6994326525529039,219.95263849263313
